id;name;last_name;phone;address;document_number;document_type
1;Sorprenden;Porras;970213216;panel;Acero quantifying Se;content TC
2;open-sourc;Camacho;914971350;Bedfordshire Auto;Azul;Investigac
3;deposit Mo;Lozada;944.763.29;withdrawal Paseo generating;Sorprendente;hack AGP
4;Ejecutivo;Gurule;986.518.61;Account Hogar Analista;Mesa;Pescado
5;Grupo Vale;Quiróz;918.045.21;Integración matrix;recontextualize;Pequeño
6;Parque Int;Paredes;900804162;Granito Acero Kenia;quantifying;Cataluña F
7;calculate;Nevárez;972-595-55;Dollar;Public-key;Marroquine
8;Travesía S;Cortéz;910676170;Coche Hormigon;communities orientad;Morado up
9;payment Re;Angulo;954.636.96;Intranet Rojo;Avon Guam Hogar;Bedfordshi
10;Pequeño;Cerda;973.724.18;definición;Administrador Marroq;Buckingham
